0x278Cc948E7aF00188a5abE54a4C404038a5c5aCa,0xaD38671121b9c0d5938AB26Eaa33d3ae9e148E5B,0
0x67B7E92059Fdf1C199AEec5c7F35304C70caDf3A,0xaD38671121b9c0d5938AB26Eaa33d3ae9e148E5B,1
0xA406702382110B6F462b9b860d0cfca6D7D13421,0xaD38671121b9c0d5938AB26Eaa33d3ae9e148E5B,2
0x278Cc948E7aF00188a5abE54a4C404038a5c5aCa,0xaD38671121b9c0d5938AB26Eaa33d3ae9e148E5B,0
0x67B7E92059Fdf1C199AEec5c7F35304C70caDf3A,0xaD38671121b9c0d5938AB26Eaa33d3ae9e148E5B,1
0xA406702382110B6F462b9b860d0cfca6D7D13421,0xaD38671121b9c0d5938AB26Eaa33d3ae9e148E5B,2
0x0c252112044B573f7C0DF8E0a474b6c2c21Db913,0x278Cc948E7aF00188a5abE54a4C404038a5c5aCa,0
0x8B54668D620eA9e99F6247E7E42a3d5CAAed5d97,0x278Cc948E7aF00188a5abE54a4C404038a5c5aCa,1
0x156656C4D12d6D0687Ef345983De85493438aeE2,0x0b65Aa46EDE1d5229275ee63b3ee31aCb80D31A4,0
0xCe87c37c7b625FEAd65C3b42b97BE841d16816e2,0x0b65Aa46EDE1d5229275ee63b3ee31aCb80D31A4,1
0x278Cc948E7aF00188a5abE54a4C404038a5c5aCa,0xaD38671121b9c0d5938AB26Eaa33d3ae9e148E5B,0
0x67B7E92059Fdf1C199AEec5c7F35304C70caDf3A,0xaD38671121b9c0d5938AB26Eaa33d3ae9e148E5B,1
0xA406702382110B6F462b9b860d0cfca6D7D13421,0xaD38671121b9c0d5938AB26Eaa33d3ae9e148E5B,2
0x0c252112044B573f7C0DF8E0a474b6c2c21Db913,0x278Cc948E7aF00188a5abE54a4C404038a5c5aCa,0
0x8B54668D620eA9e99F6247E7E42a3d5CAAed5d97,0x278Cc948E7aF00188a5abE54a4C404038a5c5aCa,1
0x156656C4D12d6D0687Ef345983De85493438aeE2,0x0b65Aa46EDE1d5229275ee63b3ee31aCb80D31A4,0
0xCe87c37c7b625FEAd65C3b42b97BE841d16816e2,0x0b65Aa46EDE1d5229275ee63b3ee31aCb80D31A4,1
0x278Cc948E7aF00188a5abE54a4C404038a5c5aCa,0xaD38671121b9c0d5938AB26Eaa33d3ae9e148E5B,0
0x67B7E92059Fdf1C199AEec5c7F35304C70caDf3A,0xaD38671121b9c0d5938AB26Eaa33d3ae9e148E5B,1
0xA406702382110B6F462b9b860d0cfca6D7D13421,0xaD38671121b9c0d5938AB26Eaa33d3ae9e148E5B,2
0x0c252112044B573f7C0DF8E0a474b6c2c21Db913,0x278Cc948E7aF00188a5abE54a4C404038a5c5aCa,0
0x8B54668D620eA9e99F6247E7E42a3d5CAAed5d97,0x278Cc948E7aF00188a5abE54a4C404038a5c5aCa,1
0x156656C4D12d6D0687Ef345983De85493438aeE2,0x0b65Aa46EDE1d5229275ee63b3ee31aCb80D31A4,0
0xCe87c37c7b625FEAd65C3b42b97BE841d16816e2,0x0b65Aa46EDE1d5229275ee63b3ee31aCb80D31A4,1
0x278Cc948E7aF00188a5abE54a4C404038a5c5aCa,0xaD38671121b9c0d5938AB26Eaa33d3ae9e148E5B,0
0x67B7E92059Fdf1C199AEec5c7F35304C70caDf3A,0xaD38671121b9c0d5938AB26Eaa33d3ae9e148E5B,1
0xA406702382110B6F462b9b860d0cfca6D7D13421,0xaD38671121b9c0d5938AB26Eaa33d3ae9e148E5B,2
0x0c252112044B573f7C0DF8E0a474b6c2c21Db913,0x278Cc948E7aF00188a5abE54a4C404038a5c5aCa,0
0x8B54668D620eA9e99F6247E7E42a3d5CAAed5d97,0x278Cc948E7aF00188a5abE54a4C404038a5c5aCa,1
0x156656C4D12d6D0687Ef345983De85493438aeE2,0x0b65Aa46EDE1d5229275ee63b3ee31aCb80D31A4,0
0xCe87c37c7b625FEAd65C3b42b97BE841d16816e2,0x0b65Aa46EDE1d5229275ee63b3ee31aCb80D31A4,1
0x278Cc948E7aF00188a5abE54a4C404038a5c5aCa,0xaD38671121b9c0d5938AB26Eaa33d3ae9e148E5B,0
0x67B7E92059Fdf1C199AEec5c7F35304C70caDf3A,0xaD38671121b9c0d5938AB26Eaa33d3ae9e148E5B,1
0xA406702382110B6F462b9b860d0cfca6D7D13421,0xaD38671121b9c0d5938AB26Eaa33d3ae9e148E5B,2
0x0c252112044B573f7C0DF8E0a474b6c2c21Db913,0x278Cc948E7aF00188a5abE54a4C404038a5c5aCa,0
0x8B54668D620eA9e99F6247E7E42a3d5CAAed5d97,0x278Cc948E7aF00188a5abE54a4C404038a5c5aCa,1
0x278Cc948E7aF00188a5abE54a4C404038a5c5aCa,0xaD38671121b9c0d5938AB26Eaa33d3ae9e148E5B,0
0x67B7E92059Fdf1C199AEec5c7F35304C70caDf3A,0xaD38671121b9c0d5938AB26Eaa33d3ae9e148E5B,1
0xA406702382110B6F462b9b860d0cfca6D7D13421,0xaD38671121b9c0d5938AB26Eaa33d3ae9e148E5B,2
